ID,Name,Price
001/165,[JAP] SV2a 151: 001/165 Bulbasaur C (Non-Foil),30
001/165,[JAP] SV2a 151: 001/165 Bulbasaur C (Reverse Holo),120
001/165,[JAP] SV2a 151: 001/165 Bulbasaur C (Master Ball),2980
002/165,[JAP] SV2a 151: 002/165 Ivysaur U (Non-Foil),50
002/165,[JAP] SV2a 151: 002/165 Ivysaur U (Reverse Holo),120
002/165,[JAP] SV2a 151: 002/165 Ivysaur U (Master Ball),1980
003/165,[JAP] SV2a 151: 003/165 Venusaur RR (Foil),180
004/165,[JAP] SV2a 151: 004/165 Charmander C (Non-Foil),80
004/165,[JAP] SV2a 151: 004/165 Charmander C (Reverse Holo),180
004/165,[JAP] SV2a 151: 004/165 Charmander C (Master Ball),3980
005/165,[JAP] SV2a 151: 005/165 Charmeleon U (Non-Foil),80
005/165,[JAP] SV2a 151: 005/165 Charmeleon U (Reverse Holo),120
005/165,[JAP] SV2a 151: 005/165 Charmeleon U (Master Ball),1480
006/165,[JAP] SV2a 151: 006/165 Charizard EX RR (Foil),220
007/165,[JAP] SV2a 151: 007/165 Squirtle C (Non-Foil),30
007/165,[JAP] SV2a 151: 007/165 Squirtle C (Reverse Holo),120
007/165,[JAP] SV2a 151: 007/165 Squirtle C (Master Ball),2980
008/165,[JAP] SV2a 151: 008/165 Wartotle U (Non-Foil),50
008/165,[JAP] SV2a 151: 008/165 Wartotle U (Reverse Holo),120
008/165,[JAP] SV2a 151: 008/165 Wartotle U (Master Ball),1480
009/165,[JAP] SV2a 151: 009/165 Blastoise EX RR (Foil),180
010/165,[JAP] SV2a 151: 010/165 Caterpie C (Non-Foil),30
010/165,[JAP] SV2a 151: 010/165 Caterpie C (Reverse Holo),80
010/165,[JAP] SV2a 151: 010/165 Caterpie C (Master Ball),1280
011/165,[JAP] SV2a 151: 011/165 Metapod C (Non-Foil),30
011/165,[JAP] SV2a 151: 011/165 Metapod C (Reverse Holo),80
011/165,[JAP] SV2a 151: 011/165 Metapod C (Master Ball),1280
012/165,[JAP] SV2a 151: 012/165 Butterfree U (Non-Foil),50
012/165,[JAP] SV2a 151: 012/165 Butterfree U (Reverse Holo),80
012/165,[JAP] SV2a 151: 012/165 Butterfree U (Master Ball),1280
013/165,[JAP] SV2a 151: 013/165 Weedle C (Non-Foil),30
013/165,[JAP] SV2a 151: 013/165 Weedle C (Reverse Holo),80
013/165,[JAP] SV2a 151: 013/165 Weedle C (Master Ball),1280
014/165,[JAP] SV2a 151: 014/165 Kakuna C (Non-Foil),30
014/165,[JAP] SV2a 151: 014/165 Kakuna C (Reverse Holo),80
014/165,[JAP] SV2a 151: 014/165 Kakuna C (Master Ball),1280
015/165,[JAP] SV2a 151: 015/165 Beedrill R (Foil),80
015/165,[JAP] SV2a 151: 015/165 Beedrill R (Reverse Holo),120
015/165,[JAP] SV2a 151: 015/165 Beedrill R (Master Ball),1280
016/165,[JAP] SV2a 151: 016/165 Pidgey C (Non-Foil),80
016/165,[JAP] SV2a 151: 016/165 Pidgey C (Reverse Holo),120
016/165,[JAP] SV2a 151: 016/165 Pidgey C (Master Ball),1280
017/165,[JAP] SV2a 151: 017/165 Pigeotto C (Non-Foil),30
017/165,[JAP] SV2a 151: 017/165 Pigeotto C (Reverse Holo),80
017/165,[JAP] SV2a 151: 017/165 Pigeotto C (Master Ball),1280
018/165,[JAP] SV2a 151: 018/165 Pigeot U (Non-Foil),50
018/165,[JAP] SV2a 151: 018/165 Pigeot U (Reverse Holo),80
018/165,[JAP] SV2a 151: 018/165 Pigeot U (Master Ball),1280
019/165,[JAP] SV2a 151: 019/165 Rattata C (Non-Foil),30
019/165,[JAP] SV2a 151: 019/165 Rattata C (Reverse Holo),80
019/165,[JAP] SV2a 151: 019/165 Rattata C (Master Ball),1280
020/165,[JAP] SV2a 151: 020/165 Raticate U (Non-Foil),50
020/165,[JAP] SV2a 151: 020/165 Raticate U (Reverse Holo),80
020/165,[JAP] SV2a 151: 020/165 Raticate U (Master Ball),1280
021/165,[JAP] SV2a 151: 021/165 Spearow C (Non-Foil),30
021/165,[JAP] SV2a 151: 021/165 Spearow C (Reverse Holo),80
021/165,[JAP] SV2a 151: 021/165 Spearow C (Master Ball),1280
022/165,[JAP] SV2a 151: 022/165 Fearow U (Non-Foil),50
022/165,[JAP] SV2a 151: 022/165 Fearow U (Reverse Holo),80
022/165,[JAP] SV2a 151: 022/165 Fearow U (Master Ball),1280
023/165,[JAP] SV2a 151: 023/165 Ekans C (Non-Foil),30
023/165,[JAP] SV2a 151: 023/165 Ekans C (Reverse Holo),80
023/165,[JAP] SV2a 151: 023/165 Ekans C (Master Ball),1280
024/165,[JAP] SV2a 151: 024/165 Arbok EX RR (Foil),120
025/165,[JAP] SV2a 151: 025/165 Pikachu C (Non-Foil),50
025/165,[JAP] SV2a 151: 025/165 Pikachu C (Reverse Holo),320
025/165,[JAP] SV2a 151: 025/165 Pikachu C (Master Ball),34800
026/165,[JAP] SV2a 151: 026/165 Raichu R (Foil),80
026/165,[JAP] SV2a 151: 026/165 Raichu R (Reverse Holo),120
026/165,[JAP] SV2a 151: 026/165 Raichu R (Master Ball),1980
027/165,[JAP] SV2a 151: 027/165 Sandshrew C (Non-Foil),30
027/165,[JAP] SV2a 151: 027/165 Sandshrew C (Reverse Holo),80
027/165,[JAP] SV2a 151: 027/165 Sandshrew C (Master Ball),1280
028/165,[JAP] SV2a 151: 028/165 Sandslash U (Non-Foil),50
028/165,[JAP] SV2a 151: 028/165 Sandslash U (Reverse Holo),80
028/165,[JAP] SV2a 151: 028/165 Sandslash U (Master Ball),1280
029/165,[JAP] SV2a 151: 029/165 Nidoran ♀ C (Non-Foil),30
029/165,[JAP] SV2a 151: 029/165 Nidoran ♀ C (Reverse Holo),80
029/165,[JAP] SV2a 151: 029/165 Nidoran ♀ C (Master Ball),1480
030/165,[JAP] SV2a 151: 030/165 Nidorina U (Non-Foil),50
030/165,[JAP] SV2a 151: 030/165 Nidorina U (Reverse Holo),80
030/165,[JAP] SV2a 151: 030/165 Nidorina U (Master Ball),1280
031/165,[JAP] SV2a 151: 031/165 Nidoqueen U (Non-Foil),50
031/165,[JAP] SV2a 151: 031/165 Nidoqueen U (Reverse Holo),80
031/165,[JAP] SV2a 151: 031/165 Nidoqueen U (Master Ball),1280
032/165,[JAP] SV2a 151: 032/165 Nidoran ♂ C (Non-Foil),30
032/165,[JAP] SV2a 151: 032/165 Nidoran ♂ C (Reverse Holo),80
032/165,[JAP] SV2a 151: 032/165 Nidoran ♂ C (Master Ball),1280
033/165,[JAP] SV2a 151: 033/165 Nidorino U (Non-Foil),50
033/165,[JAP] SV2a 151: 033/165 Nidorino U (Reverse Holo),80
033/165,[JAP] SV2a 151: 033/165 Nidorino U (Master Ball),1280
034/165,[JAP] SV2a 151: 034/165 Nidoking R (Foil),80
034/165,[JAP] SV2a 151: 034/165 Nidoking R (Reverse Holo),120
034/165,[JAP] SV2a 151: 034/165 Nidoking R (Master Ball),1480
035/165,[JAP] SV2a 151: 035/165 Clefairy C (Non-Foil),30
035/165,[JAP] SV2a 151: 035/165 Clefairy C (Reverse Holo),80
035/165,[JAP] SV2a 151: 035/165 Clefairy C (Master Ball),1480
036/165,[JAP] SV2a 151: 036/165 Clefable U (Non-Foil),50
036/165,[JAP] SV2a 151: 036/165 Clefable U (Reverse Holo),80
036/165,[JAP] SV2a 151: 036/165 Clefable U (Master Ball),1280
037/165,[JAP] SV2a 151: 037/165 Vulpix C (Non-Foil),30
037/165,[JAP] SV2a 151: 037/165 Vulpix C (Reverse Holo),80
037/165,[JAP] SV2a 151: 037/165 Vulpix C (Master Ball),1280
038/165,[JAP] SV2a 151: 038/165 Ninetails EX RR (Foil),120
039/165,[JAP] SV2a 151: 039/165 Jigglypuff C (Non-Foil),30
039/165,[JAP] SV2a 151: 039/165 Jigglypuff C (Reverse Holo),80
039/165,[JAP] SV2a 151: 039/165 Jigglypuff C (Master Ball),1280
040/165,[JAP] SV2a 151: 040/165 Wigglytuff EX RR (Foil),120
041/165,[JAP] SV2a 151: 041/165 Zubat C (Non-Foil),30
041/165,[JAP] SV2a 151: 041/165 Zubat C (Reverse Holo),80
041/165,[JAP] SV2a 151: 041/165 Zubat C (Master Ball),1480
042/165,[JAP] SV2a 151: 042/165 Golbat U (Non-Foil),50
042/165,[JAP] SV2a 151: 042/165 Golbat U (Reverse Holo),80
042/165,[JAP] SV2a 151: 042/165 Golbat U (Master Ball),1280
043/165,[JAP] SV2a 151: 043/165 Oddish C (Non-Foil),30
043/165,[JAP] SV2a 151: 043/165 Oddish C (Reverse Holo),80
043/165,[JAP] SV2a 151: 043/165 Oddish C (Master Ball),1280
044/165,[JAP] SV2a 151: 044/165 Gloom U (Non-Foil),50
044/165,[JAP] SV2a 151: 044/165 Gloom U (Reverse Holo),80
044/165,[JAP] SV2a 151: 044/165 Gloom U (Master Ball),1280
045/165,[JAP] SV2a 151: 045/165 Vileplume R (Foil),80
045/165,[JAP] SV2a 151: 045/165 Vileplume R (Reverse Holo),120
045/165,[JAP] SV2a 151: 045/165 Vileplume R (Master Ball),1280
046/165,[JAP] SV2a 151: 046/165 Paras C (Non-Foil),30
046/165,[JAP] SV2a 151: 046/165 Paras C (Reverse Holo),80
046/165,[JAP] SV2a 151: 046/165 Paras C (Master Ball),1280
047/165,[JAP] SV2a 151: 047/165 Parasect U (Non-Foil),50
047/165,[JAP] SV2a 151: 047/165 Parasect U (Reverse Holo),80
047/165,[JAP] SV2a 151: 047/165 Parasect U (Master Ball),1280
048/165,[JAP] SV2a 151: 048/165 Venonat C (Non-Foil),30
048/165,[JAP] SV2a 151: 048/165 Venonat C (Reverse Holo),80
048/165,[JAP] SV2a 151: 048/165 Venonat C (Master Ball),1280
049/165,[JAP] SV2a 151: 049/165 Venomoth U (Non-Foil),50
049/165,[JAP] SV2a 151: 049/165 Venomoth U (Reverse Holo),80
049/165,[JAP] SV2a 151: 049/165 Venomoth U (Master Ball),1280
050/165,[JAP] SV2a 151: 050/165 Diglett C (Non-Foil),30
050/165,[JAP] SV2a 151: 050/165 Diglett C (Reverse Holo),80
050/165,[JAP] SV2a 151: 050/165 Diglett C (Master Ball),1280
051/165,[JAP] SV2a 151: 051/165 Dugtrio U (Non-Foil),50
051/165,[JAP] SV2a 151: 051/165 Dugtrio U (Reverse Holo),80
051/165,[JAP] SV2a 151: 051/165 Dugtrio U (Master Ball),1280
052/165,[JAP] SV2a 151: 052/165 Meowth C (Non-Foil),30
052/165,[JAP] SV2a 151: 052/165 Meowth C (Reverse Holo),80
052/165,[JAP] SV2a 151: 052/165 Meowth C (Master Ball),1280
053/165,[JAP] SV2a 151: 053/165 Persian U (Non-Foil),50
053/165,[JAP] SV2a 151: 053/165 Persian U (Reverse Holo),80
053/165,[JAP] SV2a 151: 053/165 Persian U (Master Ball),1280
054/165,[JAP] SV2a 151: 054/165 Psyduck C (Non-Foil),30
054/165,[JAP] SV2a 151: 054/165 Psyduck C (Reverse Holo),180
054/165,[JAP] SV2a 151: 054/165 Psyduck C (Master Ball),3480
055/165,[JAP] SV2a 151: 055/165 Golduck U (Non-Foil),50
055/165,[JAP] SV2a 151: 055/165 Golduck U (Reverse Holo),80
055/165,[JAP] SV2a 151: 055/165 Golduck U (Master Ball),1280
056/165,[JAP] SV2a 151: 056/165 Mankey C (Non-Foil),30
056/165,[JAP] SV2a 151: 056/165 Mankey C (Reverse Holo),80
056/165,[JAP] SV2a 151: 056/165 Mankey C (Master Ball),1280
057/165,[JAP] SV2a 151: 057/165 Primeape U (Non-Foil),50
057/165,[JAP] SV2a 151: 057/165 Primeape U (Reverse Holo),80
057/165,[JAP] SV2a 151: 057/165 Primeape U (Master Ball),1280
058/165,[JAP] SV2a 151: 058/165 Growlithe C (Non-Foil),30
058/165,[JAP] SV2a 151: 058/165 Growlithe C (Reverse Holo),80
058/165,[JAP] SV2a 151: 058/165 Growlithe C (Master Ball),1480
059/165,[JAP] SV2a 151: 059/165 Arcanine U (Non-Foil),50
059/165,[JAP] SV2a 151: 059/165 Arcanine U (Reverse Holo),80
059/165,[JAP] SV2a 151: 059/165 Arcanine U (Master Ball),3480
060/165,[JAP] SV2a 151: 060/165 Poliwag C (Non-Foil),30
060/165,[JAP] SV2a 151: 060/165 Poliwag C (Reverse Holo),80
060/165,[JAP] SV2a 151: 060/165 Poliwag C (Master Ball),1280
061/165,[JAP] SV2a 151: 061/165 Poliwhirl C (Non-Foil),30
061/165,[JAP] SV2a 151: 061/165 Poliwhirl C (Reverse Holo),80
061/165,[JAP] SV2a 151: 061/165 Poliwhirl C (Master Ball),1280
062/165,[JAP] SV2a 151: 062/165 Poliwrath U (Non-Foil),50
062/165,[JAP] SV2a 151: 062/165 Poliwrath U (Reverse Holo),80
062/165,[JAP] SV2a 151: 062/165 Poliwrath U (Master Ball),1280
063/165,[JAP] SV2a 151: 063/165 Abra C (Non-Foil),30
063/165,[JAP] SV2a 151: 063/165 Abra C (Reverse Holo),80
063/165,[JAP] SV2a 151: 063/165 Abra C (Master Ball),1280
064/165,[JAP] SV2a 151: 064/165 Kadabra U (Non-Foil),50
064/165,[JAP] SV2a 151: 064/165 Kadabra U (Reverse Holo),80
064/165,[JAP] SV2a 151: 064/165 Kadabra U (Master Ball),1280
065/165,[JAP] SV2a 151: 065/165 Alakazam RR (Foil),120
066/165,[JAP] SV2a 151: 066/165 Machop C (Non-Foil),30
066/165,[JAP] SV2a 151: 066/165 Machop C (Reverse Holo),80
066/165,[JAP] SV2a 151: 066/165 Machop C (Master Ball),1280
067/165,[JAP] SV2a 151: 067/165 Machoke U (Non-Foil),50
067/165,[JAP] SV2a 151: 067/165 Machoke U (Reverse Holo),80
067/165,[JAP] SV2a 151: 067/165 Machoke U (Master Ball),1280
068/165,[JAP] SV2a 151: 068/165 Machamp R (Foil),80
068/165,[JAP] SV2a 151: 068/165 Machamp R (Reverse Holo),120
068/165,[JAP] SV2a 151: 068/165 Machamp R (Master Ball),1480
069/165,[JAP] SV2a 151: 069/165 Bellsprout C (Non-Foil),30
069/165,[JAP] SV2a 151: 069/165 Bellsprout C (Reverse Holo),80
069/165,[JAP] SV2a 151: 069/165 Bellsprout C (Master Ball),1280
070/165,[JAP] SV2a 151: 070/165 Weepinbell C (Non-Foil),30
070/165,[JAP] SV2a 151: 070/165 Weepinbell C (Reverse Holo),80
070/165,[JAP] SV2a 151: 070/165 Weepinbell C (Master Ball),1280
071/165,[JAP] SV2a 151: 071/165 Victreebel U (Non-Foil),50
071/165,[JAP] SV2a 151: 071/165 Victreebel U (Reverse Holo),80
071/165,[JAP] SV2a 151: 071/165 Victreebel U (Master Ball),1280
072/165,[JAP] SV2a 151: 072/165 Tentacool C (Non-Foil),30
072/165,[JAP] SV2a 151: 072/165 Tentacool C (Reverse Holo),80
072/165,[JAP] SV2a 151: 072/165 Tentacool C (Master Ball),1280
073/165,[JAP] SV2a 151: 073/165 Tentacruel U (Non-Foil),50
073/165,[JAP] SV2a 151: 073/165 Tentacruel U (Reverse Holo),80
073/165,[JAP] SV2a 151: 073/165 Tentacruel U (Master Ball),1280
074/165,[JAP] SV2a 151: 074/165 Geodude C (Non-Foil),30
074/165,[JAP] SV2a 151: 074/165 Geodude C (Reverse Holo),80
074/165,[JAP] SV2a 151: 074/165 Geodude C (Master Ball),1280
075/165,[JAP] SV2a 151: 075/165 Graveller U (Non-Foil),50
075/165,[JAP] SV2a 151: 075/165 Graveller U (Reverse Holo),80
075/165,[JAP] SV2a 151: 075/165 Graveller U (Master Ball),1280
076/165,[JAP] SV2a 151: 076/165 Golem EX RR (Foil),120
077/165,[JAP] SV2a 151: 077/165 Ponyta C (Non-Foil),30
077/165,[JAP] SV2a 151: 077/165 Ponyta C (Reverse Holo),80
077/165,[JAP] SV2a 151: 077/165 Ponyta C (Master Ball),1280
078/165,[JAP] SV2a 151: 078/165 Rapidash U (Non-Foil),50
078/165,[JAP] SV2a 151: 078/165 Rapidash U (Reverse Holo),80
078/165,[JAP] SV2a 151: 078/165 Rapidash U (Master Ball),1280
079/165,[JAP] SV2a 151: 079/165 Slowpoke C (Non-Foil),30
079/165,[JAP] SV2a 151: 079/165 Slowpoke C (Reverse Holo),120
079/165,[JAP] SV2a 151: 079/165 Slowpoke C (Master Ball),3480
080/165,[JAP] SV2a 151: 080/165 Slowbro U (Non-Foil),50
080/165,[JAP] SV2a 151: 080/165 Slowbro U (Reverse Holo),80
080/165,[JAP] SV2a 151: 080/165 Slowbro U (Master Ball),1980
081/165,[JAP] SV2a 151: 081/165 Magnemite C (Non-Foil),30
081/165,[JAP] SV2a 151: 081/165 Magnemite C (Reverse Holo),80
081/165,[JAP] SV2a 151: 081/165 Magnemite C (Master Ball),1280
082/165,[JAP] SV2a 151: 082/165 Magneton U (Non-Foil),50
082/165,[JAP] SV2a 151: 082/165 Magneton U (Reverse Holo),80
082/165,[JAP] SV2a 151: 082/165 Magneton U (Master Ball),1280
083/165,[JAP] SV2a 151: 083/165 Farfetch'd C (Non-Foil),30
083/165,[JAP] SV2a 151: 083/165 Farfetch'd C (Reverse Holo),80
083/165,[JAP] SV2a 151: 083/165 Farfetch'd C (Master Ball),1280
084/165,[JAP] SV2a 151: 084/165 Doduo C (Non-Foil),30
084/165,[JAP] SV2a 151: 084/165 Doduo C (Reverse Holo),80
084/165,[JAP] SV2a 151: 084/165 Doduo C (Master Ball),1280
085/165,[JAP] SV2a 151: 085/165 Dodrio R (Foil),80
085/165,[JAP] SV2a 151: 085/165 Dodrio R (Reverse Holo),120
085/165,[JAP] SV2a 151: 085/165 Dodrio R (Master Ball),1280
086/165,[JAP] SV2a 151: 086/165 Seel C (Non-Foil),30
086/165,[JAP] SV2a 151: 086/165 Seel C (Reverse Holo),80
086/165,[JAP] SV2a 151: 086/165 Seel C (Master Ball),1280
087/165,[JAP] SV2a 151: 087/165 Dewgong U (Non-Foil),50
087/165,[JAP] SV2a 151: 087/165 Dewgong U (Reverse Holo),80
087/165,[JAP] SV2a 151: 087/165 Dewgong U (Master Ball),1280
088/165,[JAP] SV2a 151: 088/165 Grimer C (Non-Foil),30
088/165,[JAP] SV2a 151: 088/165 Grimer C (Reverse Holo),80
088/165,[JAP] SV2a 151: 088/165 Grimer C (Master Ball),1280
089/165,[JAP] SV2a 151: 089/165 Muk U (Non-Foil),50
089/165,[JAP] SV2a 151: 089/165 Muk U (Reverse Holo),80
089/165,[JAP] SV2a 151: 089/165 Muk U (Master Ball),1280
090/165,[JAP] SV2a 151: 090/165 Shellder C (Non-Foil),30
090/165,[JAP] SV2a 151: 090/165 Shellder C (Reverse Holo),80
090/165,[JAP] SV2a 151: 090/165 Shellder C (Master Ball),1280
091/165,[JAP] SV2a 151: 091/165 Cloyster U (Non-Foil),50
091/165,[JAP] SV2a 151: 091/165 Cloyster U (Reverse Holo),80
091/165,[JAP] SV2a 151: 091/165 Cloyster U (Master Ball),1280
092/165,[JAP] SV2a 151: 092/165 Ghastly C (Non-Foil),30
092/165,[JAP] SV2a 151: 092/165 Ghastly C (Reverse Holo),120
092/165,[JAP] SV2a 151: 092/165 Ghastly C (Master Ball),3480
093/165,[JAP] SV2a 151: 093/165 Haunter U (Non-Foil),50
093/165,[JAP] SV2a 151: 093/165 Haunter U (Reverse Holo),180
093/165,[JAP] SV2a 151: 093/165 Haunter U (Master Ball),3480
094/165,[JAP] SV2a 151: 094/165 Gengar R (Foil),80
094/165,[JAP] SV2a 151: 094/165 Gengar R (Reverse Holo),320
094/165,[JAP] SV2a 151: 094/165 Gengar R (Master Ball),19800
095/165,[JAP] SV2a 151: 095/165 Onyx U (Non-Foil),50
095/165,[JAP] SV2a 151: 095/165 Onyx U (Reverse Holo),80
095/165,[JAP] SV2a 151: 095/165 Onyx U (Master Ball),1280
096/165,[JAP] SV2a 151: 096/165 Drowzee C (Non-Foil),30
096/165,[JAP] SV2a 151: 096/165 Drowzee C (Reverse Holo),80
096/165,[JAP] SV2a 151: 096/165 Drowzee C (Master Ball),1280
097/165,[JAP] SV2a 151: 097/165 Hypno U (Non-Foil),50
097/165,[JAP] SV2a 151: 097/165 Hypno U (Reverse Holo),80
097/165,[JAP] SV2a 151: 097/165 Hypno U (Master Ball),1280
098/165,[JAP] SV2a 151: 098/165 Krabby C (Non-Foil),30
098/165,[JAP] SV2a 151: 098/165 Krabby C (Reverse Holo),80
098/165,[JAP] SV2a 151: 098/165 Krabby C (Master Ball),1280
099/165,[JAP] SV2a 151: 099/165 Kingler U (Non-Foil),50
099/165,[JAP] SV2a 151: 099/165 Kingler U (Reverse Holo),80
099/165,[JAP] SV2a 151: 099/165 Kingler U (Master Ball),1280
100/165,[JAP] SV2a 151: 100/165 Voltorb C (Non-Foil),30
100/165,[JAP] SV2a 151: 100/165 Voltorb C (Reverse Holo),80
100/165,[JAP] SV2a 151: 100/165 Voltorb C (Master Ball),1280
101/165,[JAP] SV2a 151: 101/165 Electrode R (Foil),80
101/165,[JAP] SV2a 151: 101/165 Electrode R (Reverse Holo),120
101/165,[JAP] SV2a 151: 101/165 Electrode R (Master Ball),1280
102/165,[JAP] SV2a 151: 102/165 Exeggcute C (Non-Foil),30
102/165,[JAP] SV2a 151: 102/165 Exeggcute C (Reverse Holo),80
102/165,[JAP] SV2a 151: 102/165 Exeggcute C (Master Ball),1280
103/165,[JAP] SV2a 151: 103/165 Exeggutor U (Non-Foil),50
103/165,[JAP] SV2a 151: 103/165 Exeggutor U (Reverse Holo),80
103/165,[JAP] SV2a 151: 103/165 Exeggutor U (Master Ball),1280
104/165,[JAP] SV2a 151: 104/165 Cubone C (Non-Foil),30
104/165,[JAP] SV2a 151: 104/165 Cubone C (Reverse Holo),80
104/165,[JAP] SV2a 151: 104/165 Cubone C (Master Ball),1280
105/165,[JAP] SV2a 151: 105/165 Marowak R (Foil),80
105/165,[JAP] SV2a 151: 105/165 Marowak R (Reverse Holo),120
105/165,[JAP] SV2a 151: 105/165 Marowak R (Master Ball),1280
106/165,[JAP] SV2a 151: 106/165 Hitmonlee U (Non-Foil),50
106/165,[JAP] SV2a 151: 106/165 Hitmonlee U (Reverse Holo),80
106/165,[JAP] SV2a 151: 106/165 Hitmonlee U (Master Ball),1280
107/165,[JAP] SV2a 151: 107/165 Hitmonchan U (Non-Foil),50
107/165,[JAP] SV2a 151: 107/165 Hitmonchan U (Reverse Holo),80
107/165,[JAP] SV2a 151: 107/165 Hitmonchan U (Master Ball),1280
108/165,[JAP] SV2a 151: 108/165 Lickitung C (Non-Foil),30
108/165,[JAP] SV2a 151: 108/165 Lickitung C (Reverse Holo),80
108/165,[JAP] SV2a 151: 108/165 Lickitung C (Master Ball),1280
109/165,[JAP] SV2a 151: 109/165 Koffing C (Non-Foil),30
109/165,[JAP] SV2a 151: 109/165 Koffing C (Reverse Holo),80
109/165,[JAP] SV2a 151: 109/165 Koffing C (Master Ball),1280
110/165,[JAP] SV2a 151: 110/165 Weezing R (Foil),80
110/165,[JAP] SV2a 151: 110/165 Weezing R (Reverse Holo),120
110/165,[JAP] SV2a 151: 110/165 Weezing R (Master Ball),1280
111/165,[JAP] SV2a 151: 111/165 Rhyhorn C (Non-Foil),30
111/165,[JAP] SV2a 151: 111/165 Rhyhorn C (Reverse Holo),80
111/165,[JAP] SV2a 151: 111/165 Rhyhorn C (Master Ball),1280
112/165,[JAP] SV2a 151: 112/165 Rhydon U (Non-Foil),50
112/165,[JAP] SV2a 151: 112/165 Rhydon U (Reverse Holo),80
112/165,[JAP] SV2a 151: 112/165 Rhydon U (Master Ball),1280
113/165,[JAP] SV2a 151: 113/165 Chansey R (Foil),220
113/165,[JAP] SV2a 151: 113/165 Chansey R (Reverse Holo),320
113/165,[JAP] SV2a 151: 113/165 Chansey R (Master Ball),1480
114/165,[JAP] SV2a 151: 114/165 Tangela C (Non-Foil),30
114/165,[JAP] SV2a 151: 114/165 Tangela C (Reverse Holo),80
114/165,[JAP] SV2a 151: 114/165 Tangela C (Master Ball),1280
115/165,[JAP] SV2a 151: 115/165 Kangaskhan EX RR (Foil),120
116/165,[JAP] SV2a 151: 116/165 Horsea C (Non-Foil),30
116/165,[JAP] SV2a 151: 116/165 Horsea C (Reverse Holo),80
116/165,[JAP] SV2a 151: 116/165 Horsea C (Master Ball),1280
117/165,[JAP] SV2a 151: 117/165 Seadra U (Non-Foil),50
117/165,[JAP] SV2a 151: 117/165 Seadra U (Reverse Holo),80
117/165,[JAP] SV2a 151: 117/165 Seadra U (Master Ball),1280
118/165,[JAP] SV2a 151: 118/165 Goldeen C (Non-Foil),30
118/165,[JAP] SV2a 151: 118/165 Goldeen C (Reverse Holo),80
118/165,[JAP] SV2a 151: 118/165 Goldeen C (Master Ball),1280
119/165,[JAP] SV2a 151: 119/165 Seaking U (Non-Foil),50
119/165,[JAP] SV2a 151: 119/165 Seaking U (Reverse Holo),80
119/165,[JAP] SV2a 151: 119/165 Seaking U (Master Ball),1280
120/165,[JAP] SV2a 151: 120/165 Staryu C (Non-Foil),30
120/165,[JAP] SV2a 151: 120/165 Staryu C (Reverse Holo),80
120/165,[JAP] SV2a 151: 120/165 Staryu C (Master Ball),1280
121/165,[JAP] SV2a 151: 121/165 Starmie R (Foil),80
121/165,[JAP] SV2a 151: 121/165 Starmie R (Reverse Holo),120
121/165,[JAP] SV2a 151: 121/165 Starmie R (Master Ball),1280
122/165,[JAP] SV2a 151: 122/165 Mr Mime R (Foil),80
122/165,[JAP] SV2a 151: 122/165 Mr Mime R (Reverse Holo),120
122/165,[JAP] SV2a 151: 122/165 Mr Mime R (Master Ball),1280
123/165,[JAP] SV2a 151: 123/165 Scyther U (Non-Foil),120
123/165,[JAP] SV2a 151: 123/165 Scyther U (Reverse Holo),180
123/165,[JAP] SV2a 151: 123/165 Scyther U (Master Ball),1480
124/165,[JAP] SV2a 151: 124/165 Jinx EX RR (Foil),80
125/165,[JAP] SV2a 151: 125/165 Electabuzz C (Non-Foil),30
125/165,[JAP] SV2a 151: 125/165 Electabuzz C (Reverse Holo),80
125/165,[JAP] SV2a 151: 125/165 Electabuzz C (Master Ball),1280
126/165,[JAP] SV2a 151: 126/165 Magmar C (Non-Foil),30
126/165,[JAP] SV2a 151: 126/165 Magmar C (Reverse Holo),80
126/165,[JAP] SV2a 151: 126/165 Magmar C (Master Ball),1280
127/165,[JAP] SV2a 151: 127/165 Pinsir U (Non-Foil),50
127/165,[JAP] SV2a 151: 127/165 Pinsir U (Reverse Holo),80
127/165,[JAP] SV2a 151: 127/165 Pinsir U (Master Ball),1280
128/165,[JAP] SV2a 151: 128/165 Tauros U (Non-Foil),50
128/165,[JAP] SV2a 151: 128/165 Tauros U (Reverse Holo),80
128/165,[JAP] SV2a 151: 128/165 Tauros U (Master Ball),1280
129/165,[JAP] SV2a 151: 129/165 Magikarp C (Non-Foil),30
129/165,[JAP] SV2a 151: 129/165 Magikarp C (Reverse Holo),120
129/165,[JAP] SV2a 151: 129/165 Magikarp C (Master Ball),4980
130/165,[JAP] SV2a 151: 130/165 Gyrados R (Foil),80
130/165,[JAP] SV2a 151: 130/165 Gyrados R (Reverse Holo),120
130/165,[JAP] SV2a 151: 130/165 Gyrados R (Master Ball),4980
131/165,[JAP] SV2a 151: 131/165 Lapras U (Non-Foil),50
131/165,[JAP] SV2a 151: 131/165 Lapras U (Reverse Holo),120
131/165,[JAP] SV2a 151: 131/165 Lapras U (Master Ball),2980
132/165,[JAP] SV2a 151: 132/165 Ditto R (Foil),80
132/165,[JAP] SV2a 151: 132/165 Ditto R (Reverse Holo),120
132/165,[JAP] SV2a 151: 132/165 Ditto R (Master Ball),1480
133/165,[JAP] SV2a 151: 133/165 Eevee C (Non-Foil),30
133/165,[JAP] SV2a 151: 133/165 Eevee C (Reverse Holo),180
133/165,[JAP] SV2a 151: 133/165 Eevee C (Master Ball),5980
134/165,[JAP] SV2a 151: 134/165 Vaporeon R (Foil),80
134/165,[JAP] SV2a 151: 134/165 Vaporeon R (Reverse Holo),180
134/165,[JAP] SV2a 151: 134/165 Vaporeon R (Master Ball),3980
135/165,[JAP] SV2a 151: 135/165 Jolteon R (Foil),80
135/165,[JAP] SV2a 151: 135/165 Jolteon R (Reverse Holo),180
135/165,[JAP] SV2a 151: 135/165 Jolteon R (Master Ball),3980
136/165,[JAP] SV2a 151: 136/165 Flareon R (Foil),80
136/165,[JAP] SV2a 151: 136/165 Flareon R (Reverse Holo),180
136/165,[JAP] SV2a 151: 136/165 Flareon R (Master Ball),3980
137/165,[JAP] SV2a 151: 137/165 Porygon C (Non-Foil),30
137/165,[JAP] SV2a 151: 137/165 Porygon C (Reverse Holo),80
137/165,[JAP] SV2a 151: 137/165 Porygon C (Master Ball),1280
138/165,[JAP] SV2a 151: 138/165 Omanyte U (Non-Foil),50
138/165,[JAP] SV2a 151: 138/165 Omanyte U (Reverse Holo),80
138/165,[JAP] SV2a 151: 138/165 Omanyte U (Master Ball),1280
139/165,[JAP] SV2a 151: 139/165 Omastar R (Foil),80
139/165,[JAP] SV2a 151: 139/165 Omastar R (Reverse Holo),120
139/165,[JAP] SV2a 151: 139/165 Omastar R (Master Ball),1280
140/165,[JAP] SV2a 151: 140/165 Kabuto U (Non-Foil),50
140/165,[JAP] SV2a 151: 140/165 Kabuto U (Reverse Holo),80
140/165,[JAP] SV2a 151: 140/165 Kabuto U (Master Ball),1280
141/165,[JAP] SV2a 151: 141/165 Kabutops R (Foil),80
141/165,[JAP] SV2a 151: 141/165 Kabutops R (Reverse Holo),120
141/165,[JAP] SV2a 151: 141/165 Kabutops R (Master Ball),1280
142/165,[JAP] SV2a 151: 142/165 Aerodactyl R (Foil),80
142/165,[JAP] SV2a 151: 142/165 Aerodactyl R (Reverse Holo),120
142/165,[JAP] SV2a 151: 142/165 Aerodactyl R (Master Ball),1780
143/165,[JAP] SV2a 151: 143/165 Snorlax U (Non-Foil),50
143/165,[JAP] SV2a 151: 143/165 Snorlax U (Reverse Holo),80
143/165,[JAP] SV2a 151: 143/165 Snorlax U (Master Ball),2980
144/165,[JAP] SV2a 151: 144/165 Articuno R (Foil),80
144/165,[JAP] SV2a 151: 144/165 Articuno R (Reverse Holo),120
144/165,[JAP] SV2a 151: 144/165 Articuno R (Master Ball),1480
145/165,[JAP] SV2a 151: 145/165 Zapdos EX RR (Foil),120
146/165,[JAP] SV2a 151: 146/165 Moltres R (Foil),80
146/165,[JAP] SV2a 151: 146/165 Moltres R (Reverse Holo),120
146/165,[JAP] SV2a 151: 146/165 Moltres R (Master Ball),1480
147/165,[JAP] SV2a 151: 147/165 Dratini C (Non-Foil),30
147/165,[JAP] SV2a 151: 147/165 Dratini C (Reverse Holo),80
147/165,[JAP] SV2a 151: 147/165 Dratini C (Master Ball),1480
148/165,[JAP] SV2a 151: 148/165 Dragonair U (Non-Foil),50
148/165,[JAP] SV2a 151: 148/165 Dragonair U (Reverse Holo),120
148/165,[JAP] SV2a 151: 148/165 Dragonair U (Master Ball),2980
149/165,[JAP] SV2a 151: 149/165 Dragonite R (Foil),80
149/165,[JAP] SV2a 151: 149/165 Dragonite R (Reverse Holo),120
149/165,[JAP] SV2a 151: 149/165 Dragonite R (Master Ball),5980
150/165,[JAP] SV2a 151: 150/165 Mewtwo R (Foil),80
150/165,[JAP] SV2a 151: 150/165 Mewtwo R (Reverse Holo),220
150/165,[JAP] SV2a 151: 150/165 Mewtwo R (Master Ball),6980
151/165,[JAP] SV2a 151: 151/165 Mew EX RR (Foil),180
152/165,[JAP] SV2a 151: 152/165 Energy Sticker U (Non-Foil),80
152/165,[JAP] SV2a 151: 152/165 Energy Sticker U (Reverse Holo),120
152/165,[JAP] SV2a 151: 152/165 Energy Sticker U (Master Ball),1280
153/165,[JAP] SV2a 151: 153/165 Snatch Arm U (Non-Foil),120
153/165,[JAP] SV2a 151: 153/165 Snatch Arm U (Reverse Holo),120
153/165,[JAP] SV2a 151: 153/165 Snatch Arm U (Master Ball),1280
154/165,[JAP] SV2a 151: 154/165 Old Helix Fossil C (Non-Foil),30
154/165,[JAP] SV2a 151: 154/165 Old Helix Fossil C (Reverse Holo),80
154/165,[JAP] SV2a 151: 154/165 Old Helix Fossil C (Master Ball),1280
155/165,[JAP] SV2a 151: 155/165 Old Dome Fossil C (Non-Foil),30
155/165,[JAP] SV2a 151: 155/165 Old Dome Fossil C (Reverse Holo),80
155/165,[JAP] SV2a 151: 155/165 Old Dome Fossil C (Master Ball),980
156/165,[JAP] SV2a 151: 156/165 Old Amber C (Non-Foil),30
156/165,[JAP] SV2a 151: 156/165 Old Amber C (Reverse Holo),80
156/165,[JAP] SV2a 151: 156/165 Old Amber C (Master Ball),1280
157/165,[JAP] SV2a 151: 157/165 Safety Goggles U (Non-Foil),50
157/165,[JAP] SV2a 151: 157/165 Safety Goggles U (Reverse Holo),80
157/165,[JAP] SV2a 151: 157/165 Safety Goggles U (Master Ball),980
158/165,[JAP] SV2a 151: 158/165 Big Balloon U (Non-Foil),50
158/165,[JAP] SV2a 151: 158/165 Big Balloon U (Reverse Holo),80
158/165,[JAP] SV2a 151: 158/165 Big Balloon U (Master Ball),780
159/165,[JAP] SV2a 151: 159/165 Extra Tight Belt U (Non-Foil),50
159/165,[JAP] SV2a 151: 159/165 Extra Tight Belt U (Reverse Holo),80
159/165,[JAP] SV2a 151: 159/165 Extra Tight Belt U (Master Ball),500
160/165,[JAP] SV2a 151: 160/165 Leftovers U (Non-Foil),50
160/165,[JAP] SV2a 151: 160/165 Leftovers U (Reverse Holo),80
160/165,[JAP] SV2a 151: 160/165 Leftovers U (Master Ball),680
161/165,[JAP] SV2a 151: 161/165 Erika's Invitation U (Non-Foil),80
161/165,[JAP] SV2a 151: 161/165 Erika's Invitation U (Reverse Holo),120
161/165,[JAP] SV2a 151: 161/165 Erika's Invitation U (Master Ball),5980
162/165,[JAP] SV2a 151: 162/165 Giovanni's Charisma U (Non-Foil),50
162/165,[JAP] SV2a 151: 162/165 Giovanni's Charisma U (Reverse Holo),80
162/165,[JAP] SV2a 151: 162/165 Giovanni's Charisma U (Master Ball),1280
163/165,[JAP] SV2a 151: 163/165 Daisy's Assistance U (Non-Foil),50
163/165,[JAP] SV2a 151: 163/165 Daisy's Assistance U (Reverse Holo),80
163/165,[JAP] SV2a 151: 163/165 Daisy's Assistance U (Master Ball),980
164/165,[JAP] SV2a 151: 164/165 Bill's Transfer U (Non-Foil),50
164/165,[JAP] SV2a 151: 164/165 Bill's Transfer U (Reverse Holo),80
164/165,[JAP] SV2a 151: 164/165 Bill's Transfer U (Master Ball),980
165/165,[JAP] SV2a 151: 165/165 Cycling Road U (Non-Foil),50
165/165,[JAP] SV2a 151: 165/165 Cycling Road U (Reverse Holo),80
165/165,[JAP] SV2a 151: 165/165 Cycling Road U (Master Ball),500
166/165,[JAP] SV2a 151: 166/165 Bulbasaur AR (Foil),500
167/165,[JAP] SV2a 151: 167/165 Ivysaur AR (Foil),320
168/165,[JAP] SV2a 151: 168/165 Charmander AR (Foil),780
169/165,[JAP] SV2a 151: 169/165 Charmeleon AR (Foil),680
170/165,[JAP] SV2a 151: 170/165 Squirtle AR (Foil),500
171/165,[JAP] SV2a 151: 171/165 Wartotle AR (Foil),320
172/165,[JAP] SV2a 151: 172/165 Caterpie AR (Foil),220
173/165,[JAP] SV2a 151: 173/165 Pikachu AR (Foil),980
174/165,[JAP] SV2a 151: 174/165 Nidoking AR (Foil),220
175/165,[JAP] SV2a 151: 175/165 Psyduck AR (Foil),320
176/165,[JAP] SV2a 151: 176/165 Poliwhirl AR (Foil),320
177/165,[JAP] SV2a 151: 177/165 Machoke AR (Foil),220
178/165,[JAP] SV2a 151: 178/165 Tangela AR (Foil),220
179/165,[JAP] SV2a 151: 179/165 Mr Mime AR (Foil),220
180/165,[JAP] SV2a 151: 180/165 Omanyte AR (Foil),220
181/165,[JAP] SV2a 151: 181/165 Snorlax AR (Foil),320
182/165,[JAP] SV2a 151: 182/165 Dragonair AR (Foil),320
183/165,[JAP] SV2a 151: 183/165 Mewtwo AR (Foil),580
184/165,[JAP] SV2a 151: 184/165 Venusaur EX SR (Foil),780
185/165,[JAP] SV2a 151: 185/165 Charizard EX SR (Foil),1980
186/165,[JAP] SV2a 151: 186/165 Blastoise EX SR (Foil),980
187/165,[JAP] SV2a 151: 187/165 Arbok EX SR (Foil),500
188/165,[JAP] SV2a 151: 188/165 Ninetails EX SR (Foil),680
189/165,[JAP] SV2a 151: 189/165 Wigglytuff EX SR (Foil),500
190/165,[JAP] SV2a 151: 190/165 Alakazam EX SR (Foil),680
191/165,[JAP] SV2a 151: 191/165 Golem EX SR (Foil),500
192/165,[JAP] SV2a 151: 192/165 Kangaskhan EX SR (Foil),580
193/165,[JAP] SV2a 151: 193/165 Jynx EX SR (Foil),500
194/165,[JAP] SV2a 151: 194/165 Zapdos EX SR (Foil),680
195/165,[JAP] SV2a 151: 195/165 Mew EX SR (Foil),980
196/165,[JAP] SV2a 151: 196/165 Erika's Invitation SR (Foil),5980
197/165,[JAP] SV2a 151: 197/165 Giovanni's Charisma SR (Foil),680
198/165,[JAP] SV2a 151: 198/165 Daisy's Assistance SR (Foil),680
199/165,[JAP] SV2a 151: 199/165 Bill's Transfer SR (Foil),680
200/165,[JAP] SV2a 151: 200/165 Venusaur EX SAR (Foil),3980
201/165,[JAP] SV2a 151: 201/165 Charizard EX SAR (Foil),12800
202/165,[JAP] SV2a 151: 202/165 Blastoise EX SAR (Foil),3980
203/165,[JAP] SV2a 151: 203/165 Alakazam EX SAR (Foil),2980
204/165,[JAP] SV2a 151: 204/165 Zapdos EX SAR (Foil),4980
205/165,[JAP] SV2a 151: 205/165 Mew EX SAR (Foil),12800
206/165,[JAP] SV2a 151: 206/165 Erika's Invitation SAR (Foil),12800
207/165,[JAP] SV2a 151: 207/165 Giovanni's Charisma SAR (Foil),1480
208/165,[JAP] SV2a 151: 208/165 Mew EX UR (Foil),2480
209/165,[JAP] SV2a 151: 209/165 Switch UR (Foil),2480
210/165,[JAP] SV2a 151: 210/165 Psychic Energy UR (Foil),1780
